{
  "name":"UseDistrict",
  "description":"",
  "version":2,
  "minzoom":8,
  "maxzoom":15,
  "center":"140.9649906,37.6354401,0",
  "bounds":"140.9238381,37.5467857,141.0061430,37.7240945",
  "type":"overlay",
  "format":"pbf",
  "json":"{\n  \"vector_layers\":[\n    {\n      \"id\":\"UseDistrict\",\n      \"description\":\"\",\n      \"minzoom\":8,\n      \"maxzoom\":15,\n      \"fields\":{\n        \"gml_id\":\"String\",\n        \"feature_type\":\"String\",\n        \"feature_type_jp\":\"String\",\n        \"function_code\":\"Number\",\n        \"function\":\"String\",\n        \"attributes\":\"String\"\n      }\n    }\n  ],\n  \"tilestats\":{\n    \"layerCount\":1,\n    \"layers\":[\n      {\n        \"layer\":\"UseDistrict\",\n        \"count\":65,\n        \"geometry\":\"Polygon\",\n        \"attributeCount\":6,\n        \"attributes\":[\n          {\n            \"attribute\":\"gml_id\",\n            \"count\":65,\n            \"type\":\"string\",\n            \"values\":[\n              \"urf_0a2bb1c3-4d7b-4ce2-8493-253a757db2ba\",\n              \"urf_0e70faa7-f725-4c0f-afe2-5d43f4896ff9\",\n              \"urf_10abd7ee-da61-4d9b-ab76-1a76c4604e4e\",\n              \"urf_11dd3bca-28ff-4c8a-9fc8-59c111ac820c\",\n              \"urf_166e99dc-c6f5-4929-a19e-c4eee2e79402\",\n              \"urf_1733b2a7-a597-4d69-b661-7e99cfeb6a31\",\n              \"urf_1f389c9c-d59e-4652-88e5-0791c7b5529a\",\n              \"urf_22bbab3e-6ea8-46e2-9f63-3a48b6b792a6\",\n              \"urf_27fb173e-f215-4ef0-aacc-4362edbfdf5c\",\n              \"urf_2e26f95d-1c90-4417-a5bf-2aca94f201c4\",\n              \"urf_2fca4d9d-f99c-4c5a-aca1-7cb577f6c670\",\n              \"urf_329799a5-1877-4ad8-93b9-4d5c3082ea4c\",\n              \"urf_34f50f17-a91d-40d6-bf83-60090f86db88\",\n              \"urf_3aa69098-b350-4d5e-b14d-4c0ca0c6c98e\",\n              \"urf_46726b60-d1e2-4ed3-91af-41d97f68fdc2\",\n              \"urf_4e066028-1771-4bc3-a6aa-5f2dc1ce4f4e\",\n              \"urf_4e367496-6d42-484d-b245-ba5f60d65960\",\n              \"urf_4ec6dcb8-85cd-4412-a279-95010d0ab20b\",\n              \"urf_5791ced1-5fa3-4d99-84e7-e27dec0e95fa\",\n              \"urf_5c98b05e-b7c4-4ebe-b416-8a62e31814ca\",\n              \"urf_5fbf4d2a-5b66-44d7-8f51-f80d340d35bd\",\n              \"urf_630af103-cbd2-4b76-8320-4fcaab123992\",\n              \"urf_681ad198-f570-43a9-b165-47e7a5284e83\",\n              \"urf_6824e56a-97ee-4fad-92c3-e8164939d3d4\",\n              \"urf_72638897-89fe-4994-82f0-d9cd3df69ac5\",\n              \"urf_778d98a6-838d-404c-8ebd-d557b12ecd5a\",\n              \"urf_81cf11d2-a558-40a7-aed6-e0a4891287a3\",\n              \"urf_83459cfc-9868-4107-9ea5-90a9cc1b5120\",\n              \"urf_8ba492a7-88fd-4b13-890e-c9353624b277\",\n              \"urf_8cbb8c4b-44c6-4ded-87a1-ed26b4554233\",\n              \"urf_8d86a7b5-0aee-4f1d-bd12-2864d2e3fe83\",\n              \"urf_91721906-f99b-491c-a047-d37ae5c9e6fa\",\n              \"urf_9560d75a-1f11-49fb-8ea4-d2d128849c06\",\n              \"urf_a53fe175-fb11-41e1-89f4-e23a09666820\",\n              \"urf_a6e6786b-de1f-4a37-9c7d-bf007cf31732\",\n              \"urf_a78d8a02-9665-495a-9d25-90bb30eca792\",\n              \"urf_ab99cb31-d9aa-4eeb-b6b4-afe8ba97f06e\",\n              \"urf_ad34cc35-9e42-4840-8b6f-22a824dad82e\",\n              \"urf_adf1dafa-5829-4b7d-9ea2-62fc1a4b089a\",\n              \"urf_aea14a93-04a0-4354-ae2c-d577358f9c02\",\n              \"urf_b5672d5b-9869-4009-9194-5666344528ba\",\n              \"urf_b777f684-4bdf-40c4-a27e-71301fb3a4fa\",\n              \"urf_b98d7b2f-8f4d-4e98-87f1-ec9afacfa3e4\",\n              \"urf_ba1ac621-b662-428d-81ec-4486cc2b0e1f\",\n              \"urf_ba3b3cfe-045e-47e7-8fe4-5cf9d231b8ea\",\n              \"urf_bb01363d-3011-4526-8b87-de0355b6afd2\",\n              \"urf_c3ca33d6-1b0c-489d-8ab0-e1cd46ec0593\",\n              \"urf_c42ec7ae-e4bf-4e27-b463-6bbf78a39f65\",\n              \"urf_c9665f54-6462-4825-b4b2-7b3039befca6\",\n              \"urf_ca906ecb-e460-44dd-8345-3293f913a2b2\",\n              \"urf_cb38c2ef-8276-414f-bb43-69185680bf38\",\n              \"urf_d3b5a03c-904e-4553-9d49-858683151002\",\n              \"urf_d4fb185a-83e1-4d4f-a099-6817e3724186\",\n              \"urf_d8e7e119-2b39-4cfd-8bfa-1d7438651883\",\n              \"urf_da8fa2d4-e888-4ac7-88e2-c2dda48308a8\",\n              \"urf_dce38038-554c-462e-9f5c-a5307151f1a1\",\n              \"urf_dd8ceb86-2dcd-456a-be0f-0d57effbceb2\",\n              \"urf_e25a039f-f1f1-4570-9c6b-632baecce2ae\",\n              \"urf_e76263f9-25e7-430c-a4f4-a2b587bf77c5\",\n              \"urf_f4c456bd-c82a-43bd-896f-1169c37805d2\",\n              \"urf_f87398a8-5b72-4207-9018-3454fe4c47e6\",\n              \"urf_f8a9e257-8cd1-4ffa-aea3-28e3dcf915f7\",\n              \"urf_fb882d83-d488-4fdc-a6c0-929ff9c70f3f\",\n              \"urf_fcd78131-4e9b-471c-a7c9-3a1f6a241b25\",\n              \"urf_fe0d5d4b-4b86-4960-8ca6-997ccb0add7e\"\n            ]\n          },\n          {\n            \"attribute\":\"feature_type\",\n            \"count\":1,\n            \"type\":\"string\",\n            \"values\":[\n              \"UseDistrict\"\n            ]\n          },\n          {\n            \"attribute\":\"feature_type_jp\",\n            \"count\":1,\n            \"type\":\"string\",\n            \"values\":[\n              \"用途地域\"\n            ]\n          },\n          {\n            \"attribute\":\"function_code\",\n            \"count\":12,\n            \"type\":\"number\",\n            \"values\":[\n              0,\n              1,\n              3,\n              4,\n              5,\n              6,\n              7,\n              9,\n              10,\n              11,\n              12,\n              13\n            ],\n            \"min\":0,\n            \"max\":13\n          },\n          {\n            \"attribute\":\"function\",\n            \"count\":12,\n            \"type\":\"string\",\n            \"values\":[\n              \"商業地域\",\n              \"工業地域\",\n              \"工業専用地域\",\n              \"準住居地域\",\n              \"準工業地域\",\n              \"用途地域の指定をしない区域\",\n              \"第1種中高層住居専用地域\",\n              \"第1種低層住居専用地域\",\n              \"第1種住居地域\",\n              \"第2種中高層住居専用地域\",\n              \"第2種住居地域\",\n              \"近隣商業地域\"\n            ]\n          },\n          {\n            \"attribute\":\"attributes\",\n            \"count\":16,\n            \"type\":\"string\",\n            \"values\":[\n            ]\n          }\n        ]\n      }\n    ]\n  }\n}"
}